product_id_dim,price,title_length,has description,description_length,has_image,lead_time,gender
android+mens+paradise+short+sleeve+tee+olive,103,44,TRUE,,FALSE,4,M
men+s+google+performance+polo+gb+sm,57,35,TRUE,,FALSE,2,M
recycled+mouse+pad,42,18,TRUE,,TRUE,1,
google+womens+short+sleeve+shirt+hero+tee+red+heather,111,53,FALSE,348,TRUE,3,F
android+bttf+moonshot+shirt,92,27,FALSE,256,FALSE,4,
android+baby+essentials+set,114,27,FALSE,120,TRUE,1,
14oz+jumbo+ceramic+mug,53,22,TRUE,,FALSE,4,
recycled+paper-journal+set+rd,33,29,TRUE,,TRUE,4,
google+baby+essentials+set+white+n,86,34,TRUE,,TRUE,2,
google womens muscle tee,104,24,FALSE,242,TRUE,2,F
google+womens+short+sleeve+vneck+tee+grey,76,41,FALSE,320,FALSE,3,F
cold+tumbler,41,12,TRUE,,TRUE,5,
google+pet+feeding+mat,85,22,FALSE,335,TRUE,4,
metal+texture+roller+pen,85,24,TRUE,,FALSE,3,
android+womens+short+sleeve+hero+tee+black,33,42,FALSE,327,FALSE,5,F
google+power+bank,101,17,FALSE,267,FALSE,3,
7+inch+dog+safe+flyer,87,21,TRUE,,TRUE,3,
google+mens+short+sleeve+hero+tee+xl+charcoal,33,45,TRUE,,TRUE,4,M
24oz+usa+made+aluminum+bottle,81,29,FALSE,53,FALSE,5,
google+womens+short+sleeve+shirt+blue,26,37,TRUE,,FALSE,2,F
blm+sweatshirt+md,39,17,TRUE,,FALSE,4,
google+toddler+tee+fruit+games+strawberry,27,41,TRUE,,TRUE,3,
youtube+mens+vintage+tee+xl,56,27,FALSE,328,FALSE,3,M
youtube+mens+s+s+triblend+crew,18,30,FALSE,248,TRUE,1,M
android+bttf+cosmos+shirt+lg,120,28,FALSE,78,TRUE,3,
nest+learning+thermostat+3rd+gen+usa,57,36,TRUE,,FALSE,2,
google+women+s+google+performance+full+zip+jacket,29,49,TRUE,,TRUE,4,F
google+sports+t+shirt+red+,13,26,FALSE,113,FALSE,3,
google+mens+long+sleeve+raglan+cranberry,86,40,TRUE,,TRUE,3,M
google+17+oz+double+wall+stainless+steel+insulated+bottle,21,57,FALSE,69,TRUE,3,
google+mens+performance+hero+tee+gunmetal+xl,41,44,TRUE,,TRUE,4,M
women+s+google+short+sleeve+performance+tee+black,93,49,TRUE,,FALSE,1,F
google+triblend+zip+hoodie+sm+g,11,31,FALSE,162,FALSE,4,
google+mens+vintage+badge+tee+black+sm,119,38,FALSE,331,TRUE,5,M
android+twill+cap,116,17,TRUE,,FALSE,2,
women+s+google+performance+full+zip+jacket+lg,57,45,FALSE,340,FALSE,2,F
google+womens+short+sleeve+hero+tee+heather+sm,97,46,TRUE,,TRUE,5,F
google+adult+tee+fruit+games+pineapple+md,113,41,FALSE,133,TRUE,1,
google+mens+skater+tee+md+gr,27,28,TRUE,,FALSE,3,M
youtube+toddler+short+sleeve+tee+red+5+6t,34,41,TRUE,,FALSE,2,
youtube+custom+decals,76,21,TRUE,,FALSE,1,
google+womens+short+sleeve+vneck+tee+lavender,49,45,FALSE,294,TRUE,4,F
men+s+google+lightweight+microfleece+black,33,42,FALSE,125,TRUE,1,M
youtube+mens+short+sleeve+hero+tee+3xl+bla,48,42,FALSE,155,FALSE,2,M
graphite,110,8,TRUE,,FALSE,3,
google+leather+journal+brown,97,28,TRUE,,FALSE,4,
google+womens+tee+purp+lg,43,25,TRUE,,TRUE,5,F
men+s+google+performance+badge+tee+tee+charcoal,99,47,FALSE,285,FALSE,1,M
leather+metal+ballpoint+pen,42,27,TRUE,,TRUE,1,
google+youth+short+sleeve+tee+white,109,35,TRUE,,FALSE,2,
google+adult+tee+fruit+games+pineapple+xl,87,41,FALSE,250,TRUE,2,
s+badge-performance+tee+lg+n,12,28,TRUE,,FALSE,2,
android+womens+fleece+hoodie+sm,69,31,FALSE,191,TRUE,5,F
google+mens+short+sleeve+hero+tee+lg+charcoal,16,45,FALSE,271,TRUE,3,M
220z+mini+mountain+bottle,118,25,TRUE,,FALSE,2,
google+baby+essentials+set+white+6m,26,35,TRUE,,FALSE,1,
youtube+sticker+sheet,91,21,FALSE,74,TRUE,2,
youtube+mens+3+4+sleeve+raglan+henley,17,37,FALSE,303,FALSE,5,M
google+mens+short+sleeve+hero+tee+white,53,39,FALSE,302,FALSE,5,M
google+baby+essentials+set+white,101,32,FALSE,255,FALSE,4,
google+40oz+insulated+monster+bottle,90,36,TRUE,,TRUE,2,
women s google convertible jacket vest black,15,44,FALSE,252,FALSE,4,F
google+car+clip+phone+holder,22,28,TRUE,,TRUE,1,
25l+classic+rucksack+black,123,26,TRUE,,FALSE,2,
android+3+in+1+lens+pro,19,23,TRUE,,FALSE,2,
straw+beach+mat,5,15,TRUE,,FALSE,5,
mens+google+pullover+hoodie+md,68,30,FALSE,73,TRUE,1,M
google+infant+short+sleeve+tee+royal+blue,86,41,TRUE,,FALSE,4,
ladies+mountain+view+t-shirt,67,28,FALSE,217,TRUE,1,
women+s+google+insulated+thermal+vest+navy,46,42,TRUE,,TRUE,4,F
google mens long sleeve pullover badge tee heather,111,50,FALSE,231,TRUE,5,M
google+adult+tee+fruit+games+dragonfruit,57,40,TRUE,,FALSE,5,
women+s+google+weatherblock+shell+sm,97,36,TRUE,,FALSE,1,F
blm+sweatshirt,105,14,FALSE,138,TRUE,3,
s+mesh+performance+tee,117,22,FALSE,89,FALSE,1,
24oz+contigo+bottle+grey,74,24,TRUE,,TRUE,5,
android+heavyweight+long+sleeve+badge+tee+black+md+b,18,52,FALSE,130,TRUE,5,
google+infant+short+sleeve+tee+white,50,36,TRUE,,TRUE,3,
youtube+toddler+short+sleeve+tee+red,9,36,FALSE,91,TRUE,1,
men+s+google+performance+dry+full+zip+jacket+3x,37,47,TRUE,,TRUE,2,M
android+onesie+sprout+green,40,27,FALSE,234,TRUE,1,
google womens scoop neck tee black,95,34,TRUE,,FALSE,1,F
android+toddler+short+sleeve+tshirt+pink,52,40,TRUE,,FALSE,3,
4+zip+performance+pullover+two+tone+lg,28,38,TRUE,,TRUE,4,
google+youth+tee+fruit+games+banana,38,35,TRUE,,FALSE,5,
android+lifted+mens+short+sleeve+tee+blue+sm,76,44,FALSE,120,TRUE,5,M
oasis+backpack,55,14,TRUE,,TRUE,5,
blue+keeper+notebook+set+with+flap,117,34,TRUE,,FALSE,3,
men+s+google+full+zip+fleece+xl,98,31,TRUE,,FALSE,3,M
bamboo+cutting+board,95,20,FALSE,329,FALSE,3,
ballpoint+led+light+pen,45,23,FALSE,130,TRUE,5,
google+tote+bag,93,15,TRUE,,TRUE,1,
google+mens+short+sleeve+hero+tee+navy,106,38,FALSE,148,TRUE,1,M
yoga+mat,75,8,TRUE,,TRUE,1,
google+executive+umbrella,42,25,TRUE,,TRUE,1,
leatherette+journal,47,19,FALSE,289,FALSE,4,
prop+device+cradle,14,18,FALSE,271,TRUE,4,
google+toddler+short+sleeve+yellow,62,34,FALSE,229,FALSE,2,
waze+mens+typography+short+sleeve+tee,61,37,FALSE,223,TRUE,5,M
women+s+google+convertible+jacket+vest+black,118,44,FALSE,124,FALSE,4,F
google+stretch+fit+hat+large+xlarge,25,35,FALSE,274,FALSE,5,
youtube+womens+s+s+triblend+badge+sm+gry,87,40,FALSE,80,TRUE,1,F
google+mens+long+sleeve+raglan+lg+bl,93,36,FALSE,193,TRUE,3,M
google+mens+bike+short+tee+charcoal+md,103,38,FALSE,115,TRUE,2,M
google+mens+vintage+henley+sm,40,29,FALSE,253,TRUE,2,M
digital+lightshow+smart+speaker+and+notification+center,81,55,FALSE,274,TRUE,1,
google womens short sleeve vneck tee stone,23,42,FALSE,189,FALSE,5,F
micro+wireless+earbuds,63,22,TRUE,,FALSE,1,
android+onesie+gold+newborn,15,27,FALSE,147,TRUE,3,
compact+eco+journal,14,19,TRUE,,FALSE,5,
women+s+google+quillted+insulated+vest,76,38,TRUE,,FALSE,5,F
google+womens+short+sleeve+hero+tee+xl,19,38,TRUE,,FALSE,5,F
google+womens+short+sleeve+shirt+gr,54,35,TRUE,,FALSE,1,F
speed+zone+air+mesh+tote,85,24,FALSE,232,TRUE,4,
men+s+google+full+zip+fleece+2x,47,31,TRUE,,TRUE,4,M
android+onesie+baby+blue,105,24,FALSE,201,FALSE,4,
android+mens+s+s+triblend+hero+tee+grey,21,39,FALSE,238,FALSE,1,M
youtube+womens+fleece+hoodie+black,5,34,FALSE,50,TRUE,5,F
google+womens+recycled+fabric+tee,54,33,FALSE,198,FALSE,4,F
26oz+double+wall+insulated+bottle,33,33,FALSE,91,FALSE,5,
google+snapback+hat+black,76,25,TRUE,,TRUE,1,
google+mens+bayside+graphic+tee,21,31,TRUE,,FALSE,1,M
men+s+google+airflow+1+4+zip+pullover+black,33,43,FALSE,172,FALSE,3,M
suitcase+organizer+cubes,14,24,TRUE,,TRUE,5,
android+bttf+cosmos+shirt+md,6,28,TRUE,,FALSE,5,
women+s+google+quillted+insulated+vest+sm,99,41,FALSE,192,FALSE,2,F
google+womens+short+sleeve+vneck+tee+grey+sm,38,44,FALSE,256,TRUE,2,F
android+hard+cover+journal,43,26,FALSE,229,FALSE,5,
google youth short sleeve tshirt yellow,80,39,FALSE,328,FALSE,5,
24oz+contigo+bottle+green,123,25,FALSE,228,FALSE,2,
youtube+mouse+pad,17,17,TRUE,,TRUE,2,
google+mens+short+sleeve+hero+tee+xl+na,67,39,TRUE,,FALSE,4,M
google+mens+around+the+block+short+sleeve+tee+ash+md,68,52,TRUE,,TRUE,2,M
youtube+mens+skater+tee+md+g,91,28,FALSE,188,FALSE,4,M
men s google convertible jacket vest pewter,41,43,FALSE,291,FALSE,3,M
google womens 3 4 sleeve baseball raglan hb,63,43,TRUE,,TRUE,4,F
google+womens+performance+tee+gunmetal,66,38,TRUE,,FALSE,3,F
men s google airflow 1 4 zip pullover black,45,43,TRUE,,FALSE,4,M
24oz+contigo+bottle,8,19,FALSE,71,FALSE,1,
google+tube+power+bank,96,22,FALSE,346,TRUE,5,
google+mens+short+sleeve+hero+tee+heather,68,41,FALSE,95,TRUE,2,M
google+travels+slim+utility+travel+bag,21,38,TRUE,,TRUE,5,
google+mens+3+4+sleeve+raglan+henley+black,74,42,FALSE,59,FALSE,5,M
men+s+google+quilted+insulated+vest+black,114,41,TRUE,,FALSE,2,M
clip+compact+charger,20,20,TRUE,,FALSE,4,
men+s+google+airflow+1+4+zip+pullover+lapis,114,43,TRUE,,FALSE,1,M
android+sticker+sheet,55,21,TRUE,,TRUE,5,
google+mens+vintage+badge+tee+black+md,97,38,TRUE,,TRUE,1,M
youtube+mens+34+sleeve+henley,67,29,TRUE,,FALSE,1,M
men+s+google+lightweight+microfleece+md,15,39,TRUE,,FALSE,3,M
men+s+google+full+zip+fleece+lg,55,31,TRUE,,FALSE,1,M
men+s+google+softshell+jacket+sm,19,32,TRUE,,TRUE,3,M
women+s+google+lightweight+microfleece+md,73,41,FALSE,273,FALSE,1,F
google+mens+short+sleeve+hero+tee+md+na,121,39,TRUE,,FALSE,3,M
google+womens+short+sleeve+shirt+red,53,36,FALSE,260,TRUE,4,F
android+17oz+stainless+steel+sport+bottle,27,41,FALSE,213,TRUE,5,
youtube+womens+short+sleeve+crew+tee+charc,123,42,TRUE,,FALSE,2,F
women+s+google+quillted+insulated+vest+white,60,44,FALSE,315,TRUE,1,F
1oz+hand+sanitizer,89,18,FALSE,50,FALSE,1,
google+wool+heather+cap+heather+navy,70,36,TRUE,,FALSE,5,
zoom+stand,66,10,TRUE,,FALSE,3,
google+womens+tank+top,41,22,TRUE,,TRUE,2,F
youtube+womens+short+sleeve+hero+tee,87,36,TRUE,,FALSE,5,F
youtube+rfid+journal,82,20,TRUE,,FALSE,5,
youtube+womens+racer+back+tank,81,30,TRUE,,FALSE,3,F
7+inch+dog+safe+flyer+red,66,25,FALSE,233,TRUE,4,
women+s+google+performance+polo,15,31,FALSE,129,TRUE,3,F
women+s+google+quillted+insulated+vest+lg,70,41,FALSE,270,FALSE,3,F
go+gopher+purple+squishable,92,27,TRUE,,FALSE,2,
map+pin+sticker+sheet,121,21,TRUE,,FALSE,5,
google+mens+short+sleeve+hero+tee+md+wh,60,39,TRUE,,FALSE,5,M
google+womens+3+4+sleeve+baseball+raglan+xl+as,10,46,TRUE,,FALSE,2,F
google+mens+short+sleeve+crewneck+2xl+wh,17,40,TRUE,,TRUE,4,M
youtube+youth+short+sleeve+tee+red+10+12y,25,41,FALSE,314,FALSE,5,
colored+pencil+set,98,18,TRUE,,TRUE,1,
youtube+onesie+heather,96,22,TRUE,,TRUE,4,
ballpoint+stick+pen,81,19,FALSE,154,TRUE,1,
men+s+google+microfiber+pullover+bj,60,35,FALSE,75,TRUE,1,M
womens+hero+vneck+tee+white,34,27,TRUE,,FALSE,3,F
google+toddler+hoodie+royal+blue,7,32,TRUE,,FALSE,4,
google+womens+short+sleeve+shirt+blue+2xl,101,41,TRUE,,TRUE,4,F
red+spiral+google+notebook,69,26,TRUE,,FALSE,1,
women+s+google+short+sleeve+performance+tee+charcoal,16,52,TRUE,,TRUE,5,F
google youth short sleeve tshirt green,48,38,FALSE,50,TRUE,1,
gift+card++50.00,54,16,TRUE,,TRUE,4,
men+s+google+quilted+insulated+vest+sm,92,38,TRUE,,TRUE,5,M
men+s+google+microfiber+pullover+grey,118,37,TRUE,,FALSE,4,M
blm+sweatshirt+sm,11,17,TRUE,,FALSE,1,
7+inch+dog+safe+flyer+bl,109,24,FALSE,109,FALSE,3,
bic+anthem+pen,47,14,TRUE,,TRUE,4,
malibu+sunglasses+green,102,23,FALSE,219,TRUE,4,
google+maps+t-shirt,46,19,FALSE,158,TRUE,3,
youtube+luggage+tag,26,19,FALSE,140,TRUE,4,
google+kick+ball,27,16,TRUE,,FALSE,2,
google+mens+long+sleeve+raglan+ocean+blue,60,41,TRUE,,TRUE,5,M
spiral+notebook+pen+set,109,23,FALSE,197,FALSE,1,
men+s+google+full+zip+fleece+grey,72,33,FALSE,73,TRUE,2,M
keyboard+dot+sticker,74,20,FALSE,52,TRUE,4,
google+womens+short+sleeve+hero+shirt+dark+gr,30,45,FALSE,278,FALSE,1,F
google+luggage+tag,48,18,FALSE,95,TRUE,3,
google+hard+cover+journal,29,25,TRUE,,FALSE,3,
android+womens+racer+back+tank+sm+b,72,35,TRUE,,TRUE,1,F
metal+earbuds+with+small+zipper+case,73,36,FALSE,132,FALSE,3,
google+spiral+journal+with+pen,23,30,FALSE,153,TRUE,5,
android+stretch+fit+hat+black,73,29,TRUE,,FALSE,1,
android+toddler+short+sleeve+tshirt+pewter,26,42,TRUE,,FALSE,2,
android+womens+racer+back+tank+black,42,36,FALSE,281,TRUE,5,F
men+s+badge+performance+tee+gnmtl,49,33,FALSE,181,TRUE,5,M
google+toddler+raglan+shirt+navy+2t,20,35,FALSE,268,TRUE,3,
google toddler raglan shirt navy 2t,44,35,FALSE,231,FALSE,5,
youtube+mens+s+s+hero+tee+sm+gy,6,31,FALSE,320,TRUE,5,M
women+s+google+zip+hoodie+md,103,28,FALSE,92,FALSE,3,F
leatherette+notebook+combo,100,26,TRUE,,FALSE,4,
android+womens+short+sleeve+badge+tee+gr+xl,94,43,TRUE,,TRUE,3,F
google+mens+zip+hoodie+2xl,75,26,TRUE,,TRUE,2,M
discraft+ultra-star+frisbee,38,27,TRUE,,TRUE,2,
windproof+auto+open+umbrella,95,28,TRUE,,TRUE,2,
youtube+mens+short+sleeve+hero+tee+md+white,119,43,TRUE,,TRUE,4,M
s badge-performance tee black,116,29,TRUE,,TRUE,4,
google+toddler+tee+fruit+games+pineapple,20,40,FALSE,174,TRUE,4,
malibu+sunglasses,111,17,TRUE,,FALSE,5,
google+bluetooth+headphones,92,27,TRUE,,TRUE,1,
android+mens+pep+rally+short+sleeve+tee+navy,24,44,FALSE,346,TRUE,5,M
140z+jumbo+ceramic+mug,49,22,TRUE,,TRUE,5,
220z+android+bottle+green,93,25,FALSE,180,FALSE,1,
short+sleeve+hero+tee+black,41,27,TRUE,,FALSE,3,
youtube+mens+vintage+tank,9,25,FALSE,188,FALSE,4,M
google+spiral+leather+journal,77,29,FALSE,162,FALSE,2,
youtube+infant+short+sleeve+tee+red,68,35,TRUE,,TRUE,2,
google+men-s+sleeve+raglan+henley+grey,31,38,TRUE,,TRUE,5,M
google+womens+short+sleeve+badge+tee,68,36,TRUE,,FALSE,1,F
nest+protect+smoke+co+white+wired+alarm+usa,8,43,TRUE,,FALSE,1,
men+s+google+airflow+1+4+zip+pullover+md+pb,52,43,TRUE,,FALSE,4,M
rubber+grip+ballpoint+pen+4+pack,122,32,FALSE,201,FALSE,3,
android+womens+long+sleeve+blended+cardigan+sm+gr,53,49,TRUE,,TRUE,2,F
google+google+heavyweight+long+sleeve+hero+tee+navy,53,51,FALSE,58,TRUE,3,
wireless+mouse,18,14,TRUE,,FALSE,5,
youtube+mens+long+sleeve+pullover+badge+tee+sm+grey,83,51,FALSE,270,FALSE,2,M
youtube+mens+fleece+hoodie+black+lg,119,35,TRUE,,FALSE,5,M
bic+intensity+clic+gel,38,22,FALSE,166,FALSE,1,
google+womens+short+sleeve+shirt+gr+sm,53,38,FALSE,73,FALSE,3,F
recycled+paper+journal+set,23,26,TRUE,,FALSE,1,
unlimited+badge+holder,58,22,FALSE,234,FALSE,5,
google+canvas+tote+natural+navy,91,31,FALSE,147,TRUE,5,
android+mens+short+sleeve+hero+tee+white,54,40,FALSE,304,TRUE,2,M
google+onesie+royal+blue,106,24,FALSE,81,TRUE,1,
s+badge-performance+tee+black,33,29,TRUE,,TRUE,2,
android+mens+short+sleeve+hero+tee+heather,114,42,TRUE,,TRUE,5,M
crunch+noise+dog+toy,123,20,FALSE,90,FALSE,2,
android+mens+engineeer+short+sleeve+tee+charcoal+md,72,51,TRUE,,TRUE,1,M
youtube+womens+s+s+triblend+badge,79,33,TRUE,,TRUE,4,F
google+womens+vneck+tee+ch,36,26,FALSE,317,FALSE,4,F
google+onesie+red,50,17,TRUE,,FALSE,3,
women+s+google+short+sleeve+performance+tee+navy,30,48,TRUE,,TRUE,1,F
google+mens+zip+hoodie+sm,80,25,FALSE,226,FALSE,1,M
android+toddler+short+sleeve+tshirt+pink+4t,59,43,TRUE,,TRUE,4,
google womens vneck tee g,14,25,FALSE,335,TRUE,4,F
youtube+mens+s+s+hero+tee+xl+gy,65,31,FALSE,295,TRUE,4,M
youtube trucker hat,11,19,TRUE,,TRUE,5,
google+toddler+raglan+shirt+navy+3t,117,35,FALSE,102,FALSE,5,
powerclip+lightning+charger,25,27,FALSE,322,FALSE,4,
google+laptop+and+cell+phone+stickers,29,37,FALSE,343,TRUE,3,
svanasana+yoga+mat,108,18,FALSE,215,TRUE,3,
22+oz+youtube+bottle+infuser+black,18,34,TRUE,,TRUE,2,
youtube+hard+cover+journal,55,26,TRUE,,TRUE,5,
compact+bluetooth+speaker,113,25,TRUE,,FALSE,2,
8pc+android+sticker+sheet,109,25,TRUE,,TRUE,1,
waze+mood+happy+window+decal,35,28,FALSE,129,TRUE,4,
brighttravels+seat+pack+organzier,10,33,FALSE,74,TRUE,2,
android+heavyweight+long+sleeve+badge+tee+black,20,47,FALSE,190,FALSE,2,
google+22+oz+water+bottle+red,87,29,TRUE,,TRUE,5,
google+womens+short+sleeve+hero+tee+heather+grey,55,48,FALSE,182,TRUE,1,F
google+youth+girl+tee+green,74,27,FALSE,134,FALSE,1,
android mens long sleeve badge crew tee heather,15,47,TRUE,,FALSE,5,M
google+mens+short+sleeve+hero+tee+lg+rd,8,39,FALSE,207,FALSE,5,M
plastic+bottle+pen+5+pack,16,25,TRUE,,FALSE,2,
google+womens+short+sleeve+hero+tee+xl+wh,87,41,FALSE,214,TRUE,2,F
android+youth+short+sleeve+tshirt+aqua+14y,121,42,TRUE,,TRUE,4,
youtube mens 34 sleeve henley,62,29,TRUE,,FALSE,5,M
s+badge-performance+tee+md+n,42,28,FALSE,214,TRUE,5,
blue+metallic+textured+spiral+notebook+set-,50,43,TRUE,,TRUE,4,
men+s+google+microfiber+pullover+sm+bj,78,38,FALSE,315,FALSE,5,M
google+mens+vintage+badge+tee+green+lg,15,38,TRUE,,FALSE,2,M
youtube onesie heather,125,22,TRUE,,TRUE,4,
google+mens+short+sleeve+hero+tee+lg+na,14,39,TRUE,,FALSE,2,M
latitudes+foldaway+shopper,113,26,FALSE,192,FALSE,1,
google+adult+tee+fruit+games+cherries+md,72,40,FALSE,264,FALSE,3,
youtube+notebook+pen+set,102,24,FALSE,285,TRUE,3,
google+4400mah+power+bank,45,25,TRUE,,FALSE,3,
google+twill+cap+b,36,18,FALSE,340,TRUE,3,
google+womens+fleece+hoodie,125,27,TRUE,,FALSE,3,F
google+infusion+top+water+bottle,91,32,TRUE,,FALSE,2,
youtube+trucker+hat,24,19,TRUE,,FALSE,3,
google+trucker+hat,84,18,FALSE,81,TRUE,4,
youtube+youth+short+sleeve+tee+red,66,34,FALSE,232,FALSE,1,
google+google+heavyweight+long+sleeve+hero+tee+bur,72,50,TRUE,,TRUE,5,
nest+learning+thermostat+3rd+gen+usa+white,100,42,FALSE,244,TRUE,4,
android+mens+long+sleeve+badge+crew+tee+heather,29,47,TRUE,,FALSE,4,M
google+onesie+green,111,19,FALSE,194,TRUE,1,
google+womens+long+sleeve+blended+cardigan+gr,27,45,TRUE,,FALSE,3,F
organic+basic+t-shirt,84,21,TRUE,,FALSE,1,
rainbow+stylus+pen,106,18,FALSE,209,FALSE,3,
android+unwashed+chino+twill+cap,78,32,TRUE,,FALSE,3,
youtube+youth+short+sleeve+tee+red+8+10y,114,40,FALSE,229,FALSE,5,
android+bttf+moonshot+shirt+lg,27,30,TRUE,,TRUE,5,
google+stretch+fit+hat+small+medium,116,35,TRUE,,FALSE,2,
google mens short sleeve hero tee charcoal,69,42,FALSE,210,TRUE,1,M
google+womens+short+sleeve+hero+tee+md+wh,108,41,FALSE,102,FALSE,2,F
google+mens+long+sleeve+raglan+badge+henley+sm+bl,112,49,TRUE,,FALSE,3,M
youtube+mens+short+sleeve+hero+tee+md+bla,96,41,FALSE,206,TRUE,3,M
womens+hero+vneck+tee+white+md,121,30,FALSE,107,TRUE,5,F
google+stretch+fit+hat+navy,25,27,TRUE,,FALSE,1,
google+laptop+tech+backpack+black,60,33,TRUE,,FALSE,4,
google+womens+muscle+tee,28,24,TRUE,,FALSE,5,F
google+mens+vintage+henley+gb,124,29,TRUE,,TRUE,1,M
insulated+bottle,9,16,FALSE,282,FALSE,1,
collapsible+shopping+bag,80,24,TRUE,,FALSE,4,
android mens zip hoodie,83,23,TRUE,,TRUE,5,M
grip+highlighters+pen,39,21,TRUE,,FALSE,5,
foam+can+bottle+cooler,59,22,TRUE,,FALSE,4,
google+mens+s+s+hero+tee+light+blue,67,35,TRUE,,FALSE,2,M
wireless+gaming+mouse,65,21,FALSE,168,TRUE,3,
blue+inspirale+notebook,47,23,TRUE,,FALSE,4,
womens+google+colorblock+tee,108,28,TRUE,,TRUE,3,F
android+youth+short+sleeve+tshirt+pewter+14y,7,44,FALSE,250,TRUE,4,
eco+aware+large+recycled+journal+combo,29,38,TRUE,,TRUE,2,
android+eco+jersey+henley,17,25,FALSE,61,TRUE,5,
youtube+youth+short+sleeve+tee+red+14+16y,5,41,FALSE,164,FALSE,2,
google+power+bank+black,56,23,FALSE,157,TRUE,5,
google+g+noise+reducing+bluetooth+headphones,64,44,TRUE,,TRUE,2,
google+toddler+zip+fleece+pewter,106,32,FALSE,213,TRUE,4,
android+luggage+tag,107,19,FALSE,114,TRUE,4,
4+zip+hb,46,8,TRUE,,TRUE,3,
google+mens+bike+short+tee+charcoal,88,35,FALSE,206,TRUE,2,M
red+shine+15+oz+mug,121,19,FALSE,161,TRUE,5,
google+mens+s+s+badge+tee+charcoal,11,34,TRUE,,TRUE,1,M
android+womens+fleece+hoodie,61,28,FALSE,211,TRUE,1,F
google+stretch+fit+hat+medium+large,54,35,FALSE,211,FALSE,4,
google+toddler+short+sleeve+green,96,33,TRUE,,FALSE,4,
android+window+pad+notebook,44,27,TRUE,,FALSE,5,
nest+protect+smoke+co+black+battery+alarm+usa,9,45,TRUE,,FALSE,1,
youtube womens short sleeve crew tee charc,26,42,TRUE,,FALSE,1,F
youtube+organic+cotton+t-shirt+-+grey,6,37,TRUE,,FALSE,1,
google+collapsible+duffel+black,85,31,FALSE,264,TRUE,5,
wind+up+android,72,15,TRUE,,TRUE,5,
men+s+google+softshell+jacket+md,76,32,FALSE,210,FALSE,3,M
android+infant+short+sleeve+tee+aqua,80,36,FALSE,136,FALSE,5,
brightravels+set+of+3+nested+travel+cases,11,41,TRUE,,TRUE,3,
youtube mens long sleeve pullover badge tee 2xl grey,39,52,TRUE,,FALSE,4,M
google womens short sleeve vneck tee lavender,91,45,TRUE,,TRUE,2,F
youtube+mens+eco+jersey+henley,106,30,FALSE,245,TRUE,3,M
bkr+bottle+-+vacation+blue,106,26,FALSE,136,FALSE,3,
s+badge-performance+tee+lg+b,61,28,FALSE,306,TRUE,5,
google+mens+short+sleeve+hero+tee+xl+bla,64,40,FALSE,223,FALSE,4,M
malibu+sunglasses+red,120,21,FALSE,174,FALSE,1,
youtube+mens+fleece+hoodie+black,115,32,TRUE,,FALSE,5,M
softsided+travel+pouch+set,27,26,FALSE,185,TRUE,5,
ballpoint+stylus+pen,49,20,TRUE,,TRUE,2,
google+bluetooth+water+resistant+speaker,72,40,FALSE,92,TRUE,3,
20oz+stainless+steel+insulated+tumbler,26,38,FALSE,170,FALSE,5,
google+baby+hoodie+royal+blue,103,29,TRUE,,TRUE,3,
220z+mini+mountain+bottle+bl,109,28,FALSE,182,FALSE,2,
google+womens+short+sleeve+hero+tee+sm+wh,42,41,TRUE,,TRUE,5,F
google+youth+sports+tee+navy,55,28,TRUE,,TRUE,5,
men+s+google+microfiber+pullover+2x,8,35,TRUE,,TRUE,2,M
toddler+full+zip+hoodie,59,23,TRUE,,FALSE,1,
android+shaker+bottle,70,21,FALSE,342,TRUE,3,
android+toddler+short+sleeve+tshirt+pewter+3t,88,45,FALSE,72,FALSE,4,
google+youth+baseball+raglan+heather+black+14+16y,112,49,TRUE,,TRUE,4,
women+s+google+convertible+jacket+vest,117,38,FALSE,122,FALSE,1,F
google+youth+tee+fruit+games+pineapple,66,38,TRUE,,FALSE,4,
google+toddler+zip+fleece+pewter+5+6t,61,37,FALSE,321,TRUE,2,
google+phone+sanitizer,74,22,FALSE,150,FALSE,4,
google+mens+vintage+badge+tee+green,61,35,TRUE,,FALSE,1,M
google+micro+charger,31,20,FALSE,111,TRUE,4,
android+youth+short+sleeve+tshirt+pewter,69,40,TRUE,,TRUE,3,
gift+card++250.00,93,17,TRUE,,FALSE,3,
mens+google+pullover+hoodie+xl,94,30,TRUE,,TRUE,2,M
google+25+oz+clear+stainless+steel+bottle,37,41,FALSE,316,FALSE,4,
google womens vintage tshirt black sm,84,37,FALSE,91,FALSE,5,F
google+womens+short+sleeve+hero+tee+light+grey,9,46,FALSE,270,FALSE,3,F
plastic+sliding+flashlight,67,26,FALSE,232,TRUE,4,
google+youth+tee+fruit+games+strawberry,110,39,TRUE,,TRUE,3,
pop+a+point+crayon,100,18,FALSE,187,TRUE,4,
google+mens+long+sleeve+pullover+badge+tee+heather+md,125,53,FALSE,83,TRUE,2,M
google+mens+short+sleeve+hero+tee+charcoal,23,42,FALSE,145,TRUE,2,M
ballpoint+pen+blue,83,18,FALSE,250,FALSE,5,
25l+classic+rucksack+brown,111,26,TRUE,,TRUE,2,
mens+google+pullover+hoodie,44,27,FALSE,165,FALSE,1,M
women+s+google+yoga+pants,28,25,FALSE,88,FALSE,5,F
google+pocket+bluetooth+speaker,49,31,TRUE,,FALSE,4,
youtube+mens+s+s+hero+tee,86,25,FALSE,337,FALSE,1,M
youtube+player+t-shirt+-+unisex,75,31,FALSE,135,FALSE,3,
android+glass+water+bottle+with+black+sleeve,124,44,FALSE,302,FALSE,5,
youtube+s+s+triblend+t-shirt,114,28,FALSE,152,FALSE,3,
android+mens+vintage+henley,32,27,FALSE,239,TRUE,1,M
nest+protect+smoke+co+white+battery+alarm+usa,100,45,TRUE,,TRUE,3,
go+gopher+blue+squishable,34,25,TRUE,,FALSE,4,
android+mens+vintage+tee,28,24,FALSE,57,TRUE,2,M
google+toddler+short+sleeve+grey,86,32,FALSE,218,FALSE,1,
laptop+and+cell+phone+stickers,121,30,FALSE,260,FALSE,4,
google+infant+short+sleeve+tee+red,40,34,FALSE,268,FALSE,2,
soft-touch+screen+cleaning+cloth,107,32,TRUE,,FALSE,1,
google+womens+short+sleeve+shirt+hero+tee+red+heather+sm,45,56,FALSE,291,TRUE,5,F
men+s+google+weatherblock+shell+lg,42,34,FALSE,223,FALSE,2,M
grip+kit+cable+organizer,62,24,FALSE,89,FALSE,1,
yoga+mat+blue,50,13,FALSE,348,FALSE,1,
youtube+mens+short+sleeve+hero+tee+sm+white,58,43,TRUE,,TRUE,2,M
google+mens+short+sleeve+hero+tee+sm+na,103,39,FALSE,245,FALSE,4,M
google+22+oz+water+bottle+bl,110,28,TRUE,,TRUE,1,
google+baby+essentials+set+white+12m,93,36,FALSE,60,FALSE,5,
atom+wireless+earbud+headset,80,28,TRUE,,TRUE,5,
google+womens+short+sleeve+shirt+hero+tee+red+heather+md,97,56,FALSE,145,FALSE,2,F
google+unisex+3+4+sleeve+triblend+ragland+henley,100,48,TRUE,,TRUE,5,
pen+pencil+highlighter+set,118,26,FALSE,227,FALSE,5,
google+mens+skater+tee+grey,82,27,FALSE,113,TRUE,1,M
basecamp+explorer+powerbank+flashlight,42,38,FALSE,292,FALSE,5,
google+mens+skater+tee+charcoal,66,31,FALSE,147,TRUE,5,M
android+onesie+gold,19,19,TRUE,,FALSE,1,
spf+15+slim+slender+lip+balm,38,28,TRUE,,FALSE,2,
upcycled+handlebar+bag,120,22,FALSE,152,TRUE,4,
women+s+google+weatherblock+shell,29,33,FALSE,261,TRUE,3,F
ballpoint+matching+tube+case,24,28,TRUE,,FALSE,1,
google+youth+girl+hoodie,114,24,TRUE,,FALSE,3,
google+womens+fleece+hoodie+lg,22,30,TRUE,,FALSE,3,F
google womens short sleeve hero tee,55,35,FALSE,245,TRUE,1,F
android+walking+dog+youth+t-shirt,71,33,FALSE,109,FALSE,4,
stadium+cups+sets+of+4,87,22,TRUE,,FALSE,5,
heather+pocket+tee+-+light+blue,91,31,TRUE,,FALSE,3,
google+adult+tee+fruit+games+pineapple,32,38,FALSE,51,FALSE,3,
solo+pro+backpack,97,17,TRUE,,TRUE,4,
triblend+youtube+youth+t-shirt,86,30,FALSE,128,FALSE,3,
google+toddler+tee+fruit+games+lemon,38,36,FALSE,272,FALSE,3,
google+toddler+hoodie+royal+blue+3t,116,35,FALSE,142,FALSE,3,
google+electronics+accessory+pouch,81,34,TRUE,,TRUE,1,
waze+dress+socks,95,16,FALSE,157,TRUE,3,
google+laptop+backpack,83,22,FALSE,148,FALSE,4,
men+s+google+convertible+jacket+vest+pewter,22,43,FALSE,60,TRUE,5,M
android+womens+short+sleeve+badge+tee+heather,80,45,FALSE,140,TRUE,2,F
google+youth+short+sleeve+tshirt+yellow,78,39,TRUE,,TRUE,4,
google+17oz+stainless+steel+sport+bottle,105,40,FALSE,68,FALSE,1,
waze+pack+of+9+decal+set,64,24,FALSE,286,FALSE,3,
android+mens+take+charge+short+sleeve+tee+purple,19,48,FALSE,322,FALSE,1,M
youtube+spiral+journal+with+pen,63,31,TRUE,,FALSE,3,
men+s+google+quilted+insulated+vest+grey,102,40,FALSE,50,FALSE,4,M
google+accent+insulated+stainless+steel+bottle,110,46,FALSE,151,TRUE,2,
google+infant+short+sleeve+tee+white+12m,114,40,TRUE,,FALSE,5,
android+journal+book+set,85,24,FALSE,297,FALSE,2,
google+collapsible+duffel+blue,88,30,FALSE,152,TRUE,4,
aluminum+handy+emergency+flashlight,58,35,TRUE,,FALSE,3,
women+s+google+zip+hoodie,11,25,FALSE,273,TRUE,1,F
google+womens+fleece+hoodie+2xl,61,31,FALSE,183,TRUE,2,F
go+gopher+pink+squishable,32,25,FALSE,152,TRUE,5,
android+pride+t-shirt+-+black,60,29,FALSE,65,FALSE,1,
android+toddler+short+sleeve+tshirt+aqua,61,40,TRUE,,FALSE,5,
google+mens+long+sleeve+raglan+badge+henley+cranberry,42,53,TRUE,,TRUE,2,M
26oz+h2go+force,94,15,FALSE,198,FALSE,3,
brighttravles+set+of+3+packing+cubes,18,36,FALSE,85,FALSE,1,
women+s+google+convertible+jacket+vest+md,107,41,TRUE,,FALSE,2,F
google+mens+short+sleeve+hero+tee+black,43,39,TRUE,,FALSE,2,M
android+lifted+mens+short+sleeve+tee+blue,14,41,FALSE,284,TRUE,3,M
google+metallic+notebook+set,73,28,TRUE,,FALSE,4,
gift+card++25.00,16,16,FALSE,310,TRUE,3,
google+mens+vintage+tank,32,24,TRUE,,TRUE,2,M
women+s+google+convertible+jacket+vest+foam+green,99,49,TRUE,,TRUE,2,F
women+s+google+zip+jacket,25,25,FALSE,265,TRUE,4,F
google+mens+long+sleeve+raglan+badge+henley+ob,29,46,FALSE,72,FALSE,4,M
google+pet+collapsi+bowl,34,24,FALSE,183,TRUE,4,
google+womens+short+sleeve+vneck+tee+black,7,42,FALSE,280,FALSE,2,F
4+zip+performance+pullover+two+tone,40,35,FALSE,148,FALSE,4,
yoga+mat+pu,111,11,TRUE,,TRUE,4,
waze+womens+typography+short+sleeve+tee+lg,75,42,TRUE,,TRUE,3,F
google+womens+performance+hero+tee+gunmetal,70,43,TRUE,,TRUE,5,F
google+mens+short+sleeve+hero+tee+2xl+bla,63,41,TRUE,,TRUE,5,M
go+gopher+squishable,122,20,FALSE,332,FALSE,2,
chevron+shopper,26,15,FALSE,160,TRUE,4,
google+mens+short+sleeve+hero+tee+sm+wh,93,39,TRUE,,FALSE,1,M
google+womens+scoop+neck+tee+black+sm,39,37,FALSE,310,TRUE,3,F
google+stylus+pen+w+led+light,88,29,FALSE,115,FALSE,4,
youtube+leatherette+notebook+combo,93,34,FALSE,328,TRUE,2,
waze+mood+original+window+decal,54,31,FALSE,328,TRUE,3,
women+s+google+softshell+jacket+black+grey,87,42,TRUE,,TRUE,4,F
waze+baby+on+board+window+decal,60,31,FALSE,179,FALSE,5,
android+rfid+journal,30,20,TRUE,,TRUE,2,
switch+tone+color+crayon+pen,5,28,TRUE,,TRUE,3,
google+high+capacity+10400mah+charger,7,37,TRUE,,TRUE,3,
google+powerkit,91,15,FALSE,164,TRUE,5,
google+leather+journal+black,108,28,FALSE,191,TRUE,3,
google+mens+s+s+badge+tee+xl+g,83,30,FALSE,268,TRUE,4,M
google+youth+baseball+raglan+heather+black,36,42,FALSE,196,FALSE,5,
men+s+google+full+zip+fleece+sm,103,31,TRUE,,TRUE,1,M
google+canvas+tote+fruit+games+lemon,37,36,FALSE,290,TRUE,4,
android+infant+short+sleeve+tee+pink,93,36,FALSE,203,TRUE,2,
youth+black+is+back+tee,79,23,FALSE,62,TRUE,2,
google+womens+short+sleeve+shirt+red+md,55,39,TRUE,,FALSE,4,F
15oz+bedford+mug,5,16,TRUE,,FALSE,3,
google+alpine+style+backpack,46,28,FALSE,50,TRUE,4,
maze+pen,118,8,FALSE,277,FALSE,4,
compact+selfie+stick,55,20,TRUE,,FALSE,1,
android+stretch+fit+hat+g,38,25,FALSE,270,TRUE,2,
google+flashlight,72,17,TRUE,,FALSE,5,
google+triblend+zip+hoodie+grey,80,31,TRUE,,TRUE,4,
organic+cotton+infant+bodysuit+-+white,58,38,FALSE,307,FALSE,1,
nest+cam+outdoor+security+camera+usa,54,36,TRUE,,TRUE,2,
4+zip+performance+pullover,47,26,TRUE,,FALSE,1,
google+mens+long+sleeve+pullover+badge+tee+heather,76,50,TRUE,,FALSE,2,M
gel+roller+pen,65,14,TRUE,,TRUE,2,
pet+feeding+mat+bl,22,18,FALSE,155,TRUE,2,
google+youth+short+sleeve+tshirt+green,42,38,FALSE,52,TRUE,3,
youtube+mens+vintage+tee+sm,78,27,FALSE,160,FALSE,4,M
google+womens+recycled+fabric+tee+sm,34,36,TRUE,,FALSE,4,F
gift+card++100.00,29,17,TRUE,,FALSE,4,
men+s+vintage+heather+t-shirt,112,29,FALSE,273,FALSE,1,M
google+womens+short+sleeve+hero+tee+heather+md,9,46,FALSE,192,TRUE,5,F
ufo+bluetooth+water+resistant+speaker,46,37,TRUE,,TRUE,1,
google womens vintage tshirt black,64,34,TRUE,,FALSE,3,F
sandals+beach+towel,31,19,FALSE,50,TRUE,2,
waterproof+backpack,75,19,FALSE,317,TRUE,3,
google+zipper+front+sports+bag,73,30,TRUE,,TRUE,2,
google+mens+zip+hoodie,96,22,FALSE,73,TRUE,1,M
24oz+youtube+sergeant+stripe+bottle,85,35,FALSE,145,FALSE,5,
women+s+google+quillted+insulated+vest+black,46,44,FALSE,149,FALSE,1,F
youtube+mens+long+sleeve+pullover+badge+tee,98,43,FALSE,274,TRUE,4,M
google+mens+long+sleeve+raglan+2xl+bl,105,37,TRUE,,TRUE,3,M
google+womens+short+sleeve+badge+tee+navy,89,41,FALSE,232,TRUE,4,F
25oz+recycled+infuser+bottle,57,28,FALSE,133,TRUE,3,
mens+google+pullover+hoodie+sm,118,30,TRUE,,FALSE,1,M
women+sgoogle+performance+polo,49,30,TRUE,,FALSE,5,F
youtube+organic+cotton+t-shirt+-+black,72,38,FALSE,132,TRUE,5,
cruch+it+dog+toy,74,16,FALSE,69,TRUE,3,
go+gopher+messenger+bag,112,23,FALSE,137,FALSE,5,
google+mens+3+4+sleeve+raglan+henley+sm+b,80,41,TRUE,,FALSE,4,M
youtube+mens+s+s+triblend+crew+2xl+gy,18,37,TRUE,,FALSE,4,M
24oz+contigo+addison+green,6,26,FALSE,315,TRUE,4,
google+mens+vintage+badge+tee+black,116,35,TRUE,,FALSE,4,M
youtube+mens+vintage+henley,122,27,TRUE,,TRUE,2,M
youtube+twill+cap+b,50,19,TRUE,,FALSE,3,
gunmetal+roller+ball+pen,16,24,TRUE,,FALSE,5,
google+bluetooth+speaker+power+bank,29,35,FALSE,74,TRUE,1,
android+bttf+cosmos+shirt,68,25,FALSE,60,TRUE,2,
google toddler hoodie royal blue,101,32,TRUE,,FALSE,2,
porcelain+mosaic+mug,68,20,FALSE,136,FALSE,4,
men+s+google+colorblock+tee,93,27,TRUE,,FALSE,4,M
men+s+google+quilted+insulated+vest+2x,19,38,FALSE,312,FALSE,4,M
google toddler raglan shirt navy,21,32,FALSE,129,TRUE,4,
google mens long sleeve raglan ocean blue,113,41,FALSE,232,TRUE,2,M
google womens short sleeve hero shirt dark gr,72,45,FALSE,135,TRUE,5,F
men+s+google+performance+dry+full+zip+jacket+md,75,47,FALSE,125,FALSE,1,M
deluge+waterproof+backpack,54,26,FALSE,195,FALSE,3,
android+mens+zip+hoodie+lg,44,26,TRUE,,TRUE,3,M
google+baby+hoodie+royal+blue+6m,51,32,FALSE,146,FALSE,5,
vintage+red+infant+player+bodysuit,57,34,FALSE,78,TRUE,3,
android+mens+zip+hoodie,105,23,TRUE,,FALSE,5,M
google+mens+long+sleeve+raglan+xl+red,53,37,FALSE,236,FALSE,3,M
android+spiral+journal+with+pen,73,31,FALSE,115,TRUE,3,
google+mens+performance+hero+tee+gunmetal,48,41,TRUE,,FALSE,2,M
android+napa+perfect+bound+journal,17,34,TRUE,,FALSE,4,
google+toddler+short+sleeve+tee+white,56,37,FALSE,108,TRUE,1,
android+mens+zip+hoodie+md,85,26,TRUE,,TRUE,4,M
youtube+ultimate+hooded+sweatshirt,20,34,FALSE,204,FALSE,3,
google+mens+zip+hoodie+md,96,25,FALSE,67,FALSE,5,M
google+womens+fleece+hoodie+sm,117,30,TRUE,,TRUE,5,F
android mens 3 4 sleeve raglan henley black,62,43,TRUE,,TRUE,3,M
android+youth+short+sleeve+tshirt+aqua+8y,20,41,FALSE,318,TRUE,5,
ballpoint+stylus+led+light+pen,51,30,FALSE,255,FALSE,2,
nest+learning+thermostat+3rd+gen+usa+stainless+steel,8,52,FALSE,188,FALSE,5,
youtube+mens+skater+tee,55,23,FALSE,184,TRUE,4,M
google+triblend+zip+hoodie+2xl+g,69,32,FALSE,306,TRUE,2,
executive+twist+ballpoint+pen,106,29,FALSE,152,FALSE,2,
waze+womens+typography+short+sleeve+tee,90,39,TRUE,,TRUE,4,F
wide+mouth+sport+bottle,79,23,FALSE,83,FALSE,4,
android+mens+engineeer+short+sleeve+tee+charcoal,87,48,FALSE,112,FALSE,5,M
google+youth+short+sleeve+tshirt+royal+blue,62,43,FALSE,93,FALSE,1,
android+25+oz+green+apple+stainless+steel+bottle,24,48,FALSE,226,FALSE,5,
google+mens+performance+tee+gunmetal,8,36,TRUE,,FALSE,4,M
satin+black+ballpoint+pen,77,25,TRUE,,FALSE,5,
google+mens+around+the+block+short+sleeve+tee+ash,52,49,FALSE,347,TRUE,4,M
google+womens+scoop+neck+tee+green,119,34,FALSE,290,TRUE,4,F
google+womens+scoop+neck+tee+black,114,34,TRUE,,FALSE,2,F
colored+rubber+glass+bottle+-+purple,50,36,FALSE,173,FALSE,2,
malibu+sunglasses+yellow,72,24,FALSE,98,TRUE,5,
16oz+hot+cold+tumbler,21,21,FALSE,165,FALSE,4,
youtube+womens+short+sleeve+hero+tee+bk+md,13,42,TRUE,,FALSE,5,F
men+s+google+performance+polo+gb+md,94,35,FALSE,150,FALSE,5,M
google womens tank top,55,22,TRUE,,TRUE,1,F
google+22+oz+water+bottle,78,25,TRUE,,TRUE,5,
youtube+womens+s+s+crew+tee+md+charcoal,122,39,FALSE,311,TRUE,1,F
google+lunch+bag,56,16,FALSE,293,TRUE,5,
youtube+mens+vintage+tee,40,24,TRUE,,TRUE,5,M
google+collapsible+duffel,45,25,TRUE,,TRUE,4,
s+badge-performance+tee+navy,65,28,FALSE,129,FALSE,1,
men+s+google+performance+dry+full+zip+jacket+black,78,50,TRUE,,FALSE,3,M
reusable+shopping+bag,45,21,FALSE,290,FALSE,2,
google+zip+hood+pink,100,20,TRUE,,TRUE,2,
google+mens+vintage+badge+tee+white,9,35,FALSE,94,TRUE,5,M
google+toddler+raglan+shirt+navy,79,32,FALSE,204,FALSE,4,
android+infant+short+sleeve+tee+pewter,55,38,TRUE,,TRUE,2,
google+womens+fleece+hoodie+md,88,30,TRUE,,FALSE,2,F
android+stretch+fit+hat+large+xlarge+g,109,38,TRUE,,TRUE,2,
youtube+womens+s+s+triblend+badge+sm+gy,84,39,TRUE,,TRUE,3,F
women+s+google+short+sleeve+performance+tee+pewter,81,50,FALSE,312,FALSE,5,F
google womens fleece hoodie,96,27,TRUE,,FALSE,2,F
google+zip+hood+pink+12m,58,24,TRUE,,TRUE,2,
micro+wireless+earbud,122,21,FALSE,166,TRUE,5,
google+leather+journal,48,22,FALSE,82,FALSE,5,
youtube+wool+heather+cap+heather+black,88,38,FALSE,307,TRUE,5,
android+womens+long+sleeve+blended+cardigan+grey,54,48,TRUE,,FALSE,3,F
google+womens+short+sleeve+hero+tee+black,63,41,TRUE,,TRUE,2,F
four+color+retractable+pen,14,26,TRUE,,FALSE,5,
google+25+oz+red+stainless+steel+bottle,27,39,FALSE,296,FALSE,4,
android+lunch+kit,70,17,TRUE,,FALSE,4,
google+toddler+short+sleeve+tee+red,116,35,FALSE,199,TRUE,3,
google+bib+red,27,14,TRUE,,TRUE,3,
google womens vneck tee ch,116,26,TRUE,,FALSE,1,F
google men-s sleeve raglan henley grey,10,38,FALSE,146,TRUE,5,M
android+womens+s+s+triblend+badge+tee+light-grey,59,48,FALSE,300,FALSE,2,F
nest+learning+thermostat+3rd+gen+usa+copper,27,43,FALSE,347,TRUE,2,
short+sleeve+crew+neck+raglan,14,29,FALSE,114,TRUE,1,
kick+ball,55,9,TRUE,,FALSE,5,
papermate+ink+joy+rt+pen,22,24,TRUE,,TRUE,3,
bottle+opener+clip,32,18,TRUE,,TRUE,1,
men+s+google+performance+polo+gb,59,32,FALSE,230,TRUE,5,M
retractable+ballpoint+pen+red,77,29,TRUE,,TRUE,4,
google+mens+short+sleeve+hero+tee+red,117,37,TRUE,,FALSE,1,M
android+mens+skater+badge+tee+charcoal,35,38,FALSE,315,FALSE,3,M
google+bib+white,57,16,FALSE,342,TRUE,1,
google+men+s+google+softshell+jacket+bg,57,39,FALSE,196,FALSE,2,M
google+womens+vintage+tshirt+black,13,34,TRUE,,FALSE,4,F
chrome+alloy+notepad,37,20,FALSE,111,TRUE,1,
google+25+oz+blue+stainless+steel+bottle,63,40,TRUE,,TRUE,1,
google+device+holder+sticky+pad,95,31,TRUE,,TRUE,5,
google+youth+tee+fruit+games+cherries,35,37,TRUE,,TRUE,5,
s+badge-performance+tee+xl+b,30,28,FALSE,200,FALSE,3,
google+mens+s+s+badge+tee+md+g,83,30,FALSE,332,FALSE,5,M
google+mens+short+sleeve+hero+tee+md+rd,101,39,FALSE,288,FALSE,4,M
google+infant+short+sleeve+tee+green,89,36,TRUE,,FALSE,1,
windup+android,35,14,FALSE,154,FALSE,5,
25l+classic+rucksack,20,20,TRUE,,TRUE,3,
google+womens+short+sleeve+hero+tee,69,35,FALSE,261,FALSE,5,F
nest+protect+smoke+co+black+wired+alarm+usa,39,43,FALSE,215,TRUE,3,
rocket+flashlight,116,17,FALSE,96,TRUE,4,
google+men+s+google+weatherblock+shell+black,23,44,TRUE,,FALSE,2,M
galaxy+screen+cleaning+cloth,77,28,TRUE,,FALSE,4,
youtube+mens+short+sleeve+hero+tee+sm+bla,37,41,TRUE,,TRUE,4,M
youtube+womens+fleece+hoodie+black+xl,84,37,TRUE,,FALSE,5,F
android+toddler+short+sleeve+tshirt+pink+2t,43,43,TRUE,,FALSE,1,
google mens zip hoodie,71,22,FALSE,80,TRUE,5,M
google+mens+short+sleeve+hero+tee+lg+wh,121,39,TRUE,,FALSE,2,M
google+mens+s+s+hero+tee+charcoal,101,33,FALSE,175,TRUE,1,M
women s google yoga pants,113,25,FALSE,330,TRUE,4,F
google+doodle+decal,111,19,FALSE,54,FALSE,5,
android+wool+heather+cap+heather+black,109,38,TRUE,,FALSE,5,
google+rfid+journal,17,19,TRUE,,FALSE,2,
google+ballpoint+pen+black,13,26,TRUE,,TRUE,5,
women+s+google+lightweight+microfleece,118,38,TRUE,,TRUE,4,F
google+youth+short+sleeve+tee+red,66,33,TRUE,,FALSE,5,
melissa+doug+stacking+train,111,27,TRUE,,FALSE,1,
youtube+womens+3+4+sleeve+baseball+raglan+white+bl,67,50,TRUE,,TRUE,5,F
youtube+womens+short+sleeve+triblend+badge+tri+char,96,51,TRUE,,FALSE,1,F
americano+stylus+pen,19,20,FALSE,146,TRUE,5,
google+womens+scoop+neck+tee+white,125,34,TRUE,,TRUE,1,F
google+mens+zip+hoodie+lg,83,25,FALSE,67,TRUE,4,M
tri-blend+full-zip+hoodie,119,25,TRUE,,FALSE,4,
men+s+google+convertible+jacket+vest+md,121,39,FALSE,231,TRUE,5,M
google+google+3+4+sleeve+raglan+henley+grey,87,43,TRUE,,FALSE,3,
womens hero vneck tee white,63,27,FALSE,182,FALSE,3,F
men+s+google+softshell+jacket+lg,103,32,FALSE,61,FALSE,2,M
android+4oz+rise+mug,58,20,TRUE,,FALSE,3,
waterproof+gear+bag,124,19,FALSE,55,TRUE,4,
women+s+google+shell+jacket,60,27,TRUE,,FALSE,2,F
google+womens+3+4+sleeve+baseball+raglan+hb,86,43,FALSE,294,FALSE,2,F
fashion+sunglasses+pouch,41,24,FALSE,194,TRUE,4,
android+mens+3+4+sleeve+raglan+henley+black,56,43,TRUE,,FALSE,2,M
women+s+google+short+sleeve+performance+tee+gnmtl,56,49,FALSE,60,TRUE,1,F
color+changing+grip+pen,7,23,FALSE,194,FALSE,2,
women+s+google+yoga+jacket,67,26,FALSE,115,TRUE,1,F
google+insulated+stainless+steel+bottle,94,39,TRUE,,TRUE,4,
youtube+mens+fleece+hoodie+black+md,72,35,TRUE,,TRUE,4,M
google+womens+tee+gr,25,20,FALSE,104,TRUE,4,F
android+mens+vintage+tank,41,25,TRUE,,TRUE,5,M
google+womens+short+sleeve+vneck+tee+stone,82,42,FALSE,184,FALSE,3,F
google+womens+tee+purp,58,22,FALSE,250,TRUE,4,F
google+toddler+short+sleeve+royal+blue,13,38,FALSE,80,FALSE,5,
android+mens+zip+hoodie+sm,125,26,TRUE,,TRUE,3,M
google+womens+vneck+tee+g,39,25,FALSE,110,FALSE,4,F
men+s+google+quilted+insulated+vest+lg,25,38,TRUE,,TRUE,4,M
malibu+sunglasses+bl,25,20,TRUE,,TRUE,3,
men+s+google+lightweight+microfleece+lg,113,39,FALSE,88,TRUE,2,M
compact+journal,7,15,FALSE,180,FALSE,4,
organic+cotton+android+walking+with+dog+t-shirt,30,47,FALSE,300,TRUE,2,
android+youth+short+sleeve+tshirt+aqua,108,38,TRUE,,TRUE,3,
google snapback hat black,87,25,TRUE,,TRUE,2,
android+mens+short+sleeve+heather+sm+gr,104,39,TRUE,,FALSE,4,M